INSERT INTO artists(id, name) VALUES (1, "New Order");
INSERT INTO artists(id, name) VALUES (2, "Nick Cave & The Bad Seeds");
INSERT INTO artists(id, name) VALUES (3, "Miles Davis");
INSERT INTO artists(id, name) VALUES (4, "The Rolling Stones");
INSERT INTO artists(id, name) VALUES (5, "The Stone Roses");
INSERT INTO artists(id, name) VALUES (6, "Kylie Minogue");

INSERT INTO albums(id, artist_id, name) VALUES (1, 2, "Let Love In");
INSERT INTO albums(id, artist_id, name) VALUES (2, 1, "Retro - John McCready FAN");
INSERT INTO albums(id, artist_id, name) VALUES (3, 1, "Substance (Disc 2)");
INSERT INTO albums(id, artist_id, name) VALUES (4, 1, "Retro - Miranda Sawyer POP");
INSERT INTO albums(id, artist_id, name) VALUES (5, 1, "Retro - New Order / Bobby Gillespie LIVE");
INSERT INTO albums(id, artist_id, name) VALUES (6, 3, "Live Around The World");
INSERT INTO albums(id, artist_id, name) VALUES (7, 3, "In A Silent Way");
INSERT INTO albums(id, artist_id, name) VALUES (8, 1, "Power, Corruption & Lies");
INSERT INTO albums(id, artist_id, name) VALUES (9, 4, "Exile On Main Street");
INSERT INTO albums(id, artist_id, name) VALUES (10, 1, "Substance 1987 (Disc 1)");
INSERT INTO albums(id, artist_id, name) VALUES (11, 5, "Second Coming");
INSERT INTO albums(id, artist_id, name) VALUES (12, 6, "Light Years");
INSERT INTO albums(id, artist_id, name) VALUES (13, 1, "Brotherhood");

INSERT INTO tracks(album_id, name, artist_id) VALUES (1,'Do You Love Me?',2);
INSERT INTO tracks(album_id, name, artist_id) VALUES (1,'Nobody''s Baby Now',2);
INSERT INTO tracks(album_id, name, artist_id) VALUES (1,'Loverman',2);
INSERT INTO tracks(album_id, name, artist_id) VALUES (1,'Jangling Jack',2);
INSERT INTO tracks(album_id, name, artist_id) VALUES (1,'Red Right Hand',2);
INSERT INTO tracks(album_id, name, artist_id) VALUES (1,'I Let Love In',2);
INSERT INTO tracks(album_id, name, artist_id) VALUES (1,'Thirsty Dog',2);
INSERT INTO tracks(album_id, name, artist_id) VALUES (1,'Ain''t Gonna Rain Anymore',2);
INSERT INTO tracks(album_id, name, artist_id) VALUES (1,'Lay Me Low',2);
INSERT INTO tracks(album_id, name, artist_id) VALUES (1,'Do You Love Me? (Part Two)',2);

INSERT INTO tracks(album_id, name, artist_id) VALUES (2,'Elegia',1);
INSERT INTO tracks(album_id, name, artist_id) VALUES (2,'In A Lonely Place',1);
INSERT INTO tracks(album_id, name, artist_id) VALUES (2,'Procession',1);
INSERT INTO tracks(album_id, name, artist_id) VALUES (2,'Your Silent Face',1);
INSERT INTO tracks(album_id, name, artist_id) VALUES (2,'Sunrise',1);
INSERT INTO tracks(album_id, name, artist_id) VALUES (2,'Let''s Go',1);
INSERT INTO tracks(album_id, name, artist_id) VALUES (2,'Broken Promise',1);
INSERT INTO tracks(album_id, name, artist_id) VALUES (2,'Dreams Never End',1);
INSERT INTO tracks(album_id, name, artist_id) VALUES (2,'Cries And Whispers',1);
INSERT INTO tracks(album_id, name, artist_id) VALUES (2,'All Day Long',1);
INSERT INTO tracks(album_id, name, artist_id) VALUES (2,'Sooner Than You Think',1);
INSERT INTO tracks(album_id, name, artist_id) VALUES (2,'Leave Me Alone',1);
INSERT INTO tracks(album_id, name, artist_id) VALUES (2,'Lonesome Tonight',1);
INSERT INTO tracks(album_id, name, artist_id) VALUES (2,'Every Little Counts',1);
INSERT INTO tracks(album_id, name, artist_id) VALUES (2,'Run Wild',1);

INSERT INTO tracks(album_id, name, artist_id) VALUES (3,'In A Lonely Place',1);
INSERT INTO tracks(album_id, name, artist_id) VALUES (3,'Procession',1);
INSERT INTO tracks(album_id, name, artist_id) VALUES (3,'Mesh',1);
INSERT INTO tracks(album_id, name, artist_id) VALUES (3,'Hurt',1);
INSERT INTO tracks(album_id, name, artist_id) VALUES (3,'The Beach',1);
INSERT INTO tracks(album_id, name, artist_id) VALUES (3,'Confusion',1);
INSERT INTO tracks(album_id, name, artist_id) VALUES (3,'Lonesome Tonight',1);
INSERT INTO tracks(album_id, name, artist_id) VALUES (3,'Murder',1);
INSERT INTO tracks(album_id, name, artist_id) VALUES (3,'Thieves Like Us',1);
INSERT INTO tracks(album_id, name, artist_id) VALUES (3,'Kiss Of Death',1);
INSERT INTO tracks(album_id, name, artist_id) VALUES (3,'Shame Of The Nation',1);
INSERT INTO tracks(album_id, name, artist_id) VALUES (3,'1963',1);

INSERT INTO tracks(album_id, name, artist_id) VALUES (4,'Fine Time',1);
INSERT INTO tracks(album_id, name, artist_id) VALUES (4,'Temptation',1);
INSERT INTO tracks(album_id, name, artist_id) VALUES (4,'True Faith',1);
INSERT INTO tracks(album_id, name, artist_id) VALUES (4,'The Perfect Kiss',1);
INSERT INTO tracks(album_id, name, artist_id) VALUES (4,'Ceremony',1);
INSERT INTO tracks(album_id, name, artist_id) VALUES (4,'Regret',1);
INSERT INTO tracks(album_id, name, artist_id) VALUES (4,'Crystal',1);
INSERT INTO tracks(album_id, name, artist_id) VALUES (4,'Bizarre Love Triangle',1);
INSERT INTO tracks(album_id, name, artist_id) VALUES (4,'Confusion',1);
INSERT INTO tracks(album_id, name, artist_id) VALUES (4,'Round And Round',1);
INSERT INTO tracks(album_id, name, artist_id) VALUES (4,'Blue Monday',1);
INSERT INTO tracks(album_id, name, artist_id) VALUES (4,'Brutal',1);
INSERT INTO tracks(album_id, name, artist_id) VALUES (4,'Slow Jam',1);
INSERT INTO tracks(album_id, name, artist_id) VALUES (4,'Everyone Everywhere',1);

INSERT INTO tracks(album_id, name, artist_id) VALUES (5,'Ceremony [Studio 54, Barcelona 7/7/84]',1);
INSERT INTO tracks(album_id, name, artist_id) VALUES (5,'Procession [Polytechnic of Central London, London 6/12/85]',1);
INSERT INTO tracks(album_id, name, artist_id) VALUES (5,'Everything''s Gone Green [Tolworth Recreation Centre, London 12/3/85]',1);
INSERT INTO tracks(album_id, name, artist_id) VALUES (5,'In A Lonely Place [Glastonbury Festival 20/6/81]',1);
INSERT INTO tracks(album_id, name, artist_id) VALUES (5,'Age Of Consent [Spectrum Arena, Warrington 1/3/86]',1);
INSERT INTO tracks(album_id, name, artist_id) VALUES (5,'Elegia [Glastonbury Festival 19/6/87]',1);
INSERT INTO tracks(album_id, name, artist_id) VALUES (5,'The Perfect Kiss [Glastonbury Festival 19/6/87]',1);
INSERT INTO tracks(album_id, name, artist_id) VALUES (5,'Fine Time [Popular Creek Music Theatre, Chicago 30/6/89]',1);
INSERT INTO tracks(album_id, name, artist_id) VALUES (5,'World [Starplex Amphitheatre, Dallas 21/7/93]',1);
INSERT INTO tracks(album_id, name, artist_id) VALUES (5,'Regret [Reading Festival 29/8/93]',1);
INSERT INTO tracks(album_id, name, artist_id) VALUES (5,'As It Is When It Was [Reading Festival 29/8/93]',1);
INSERT INTO tracks(album_id, name, artist_id) VALUES (5,'Intermission By Alan Wise [Olympia, Paris 12/11/01]',1);
INSERT INTO tracks(album_id, name, artist_id) VALUES (5,'Crystal [Big Day Out, Gold Coast 20/1/02]',1);
INSERT INTO tracks(album_id, name, artist_id) VALUES (5,'Turn My Way [Olympia, Liverpool 18/7/01]',1);
INSERT INTO tracks(album_id, name, artist_id) VALUES (5,'Temptation [Big Day Out, Gold Coast 20/1/02]',1);

INSERT INTO tracks(album_id, name, artist_id) VALUES (6,'In A Silent Way',3);
INSERT INTO tracks(album_id, name, artist_id) VALUES (6,'Intruder',3);
INSERT INTO tracks(album_id, name, artist_id) VALUES (6,'New Blues',3);
INSERT INTO tracks(album_id, name, artist_id) VALUES (6,'Human Nature',3);
INSERT INTO tracks(album_id, name, artist_id) VALUES (6,'Mr. Pastorius',3);
INSERT INTO tracks(album_id, name, artist_id) VALUES (6,'Amandla',3);
INSERT INTO tracks(album_id, name, artist_id) VALUES (6,'Wrinkle',3);
INSERT INTO tracks(album_id, name, artist_id) VALUES (6,'Tutu',3);
INSERT INTO tracks(album_id, name, artist_id) VALUES (6,'Full Nelson',3);
INSERT INTO tracks(album_id, name, artist_id) VALUES (6,'Time After Time',3);
INSERT INTO tracks(album_id, name, artist_id) VALUES (6,'Hannibal',3);

INSERT INTO tracks(album_id, name, artist_id) VALUES (7,'Shhh/Peaceful',3);
INSERT INTO tracks(album_id, name, artist_id) VALUES (7,'In A Silent Way/It''s About That Time',3);

INSERT INTO tracks(album_id, name, artist_id) VALUES (8,'Age Of Consent',1);
INSERT INTO tracks(album_id, name, artist_id) VALUES (8,'We All Stand',1);
INSERT INTO tracks(album_id, name, artist_id) VALUES (8,'The Village',1);
INSERT INTO tracks(album_id, name, artist_id) VALUES (8,'5 8 6',1);
INSERT INTO tracks(album_id, name, artist_id) VALUES (8,'Your Silent Face',1);
INSERT INTO tracks(album_id, name, artist_id) VALUES (8,'Ultraviolence',1);
INSERT INTO tracks(album_id, name, artist_id) VALUES (8,'Ecstasy',1);
INSERT INTO tracks(album_id, name, artist_id) VALUES (8,'Leave Me Alone',1);

INSERT INTO tracks(album_id, name, artist_id) VALUES (9,'Rocks Off',4);
INSERT INTO tracks(album_id, name, artist_id) VALUES (9,'Rip This Joint',4);
INSERT INTO tracks(album_id, name, artist_id) VALUES (9,'Shake Your Hips',4);
INSERT INTO tracks(album_id, name, artist_id) VALUES (9,'Casino Boogie',4);
INSERT INTO tracks(album_id, name, artist_id) VALUES (9,'Tumbling Dice',4);
INSERT INTO tracks(album_id, name, artist_id) VALUES (9,'Sweet Virginia',4);
INSERT INTO tracks(album_id, name, artist_id) VALUES (9,'Torn & Frayed',4);
INSERT INTO tracks(album_id, name, artist_id) VALUES (9,'Sweet Black Angel',4);
INSERT INTO tracks(album_id, name, artist_id) VALUES (9,'Loving Cup',4);
INSERT INTO tracks(album_id, name, artist_id) VALUES (9,'Happy',4);
INSERT INTO tracks(album_id, name, artist_id) VALUES (9,'Turd On The Run',4);
INSERT INTO tracks(album_id, name, artist_id) VALUES (9,'Ventilator Blues',4);
INSERT INTO tracks(album_id, name, artist_id) VALUES (9,'I Just Want To See His Face',4);
INSERT INTO tracks(album_id, name, artist_id) VALUES (9,'Let It Loose',4);
INSERT INTO tracks(album_id, name, artist_id) VALUES (9,'All Down The Line',4);
INSERT INTO tracks(album_id, name, artist_id) VALUES (9,'Stop Breaking Down',4);
INSERT INTO tracks(album_id, name, artist_id) VALUES (9,'Shine A Light',4);
INSERT INTO tracks(album_id, name, artist_id) VALUES (9,'Soul Survivor',4);

INSERT INTO tracks(album_id, name, artist_id) VALUES (10,'Ceremony',1);
INSERT INTO tracks(album_id, name, artist_id) VALUES (10,'Everything''s Gone Green',1);
INSERT INTO tracks(album_id, name, artist_id) VALUES (10,'Temptation',1);
INSERT INTO tracks(album_id, name, artist_id) VALUES (10,'Blue Monday',1);
INSERT INTO tracks(album_id, name, artist_id) VALUES (10,'Confusion',1);
INSERT INTO tracks(album_id, name, artist_id) VALUES (10,'Thieves Like Us',1);
INSERT INTO tracks(album_id, name, artist_id) VALUES (10,'Perfect Kiss',1);
INSERT INTO tracks(album_id, name, artist_id) VALUES (10,'Subculture',1);
INSERT INTO tracks(album_id, name, artist_id) VALUES (10,'Shellshock',1);
INSERT INTO tracks(album_id, name, artist_id) VALUES (10,'State of the Nation',1);
INSERT INTO tracks(album_id, name, artist_id) VALUES (10,'Bizarre Love Triangle',1);
INSERT INTO tracks(album_id, name, artist_id) VALUES (10,'True Faith',1);

INSERT INTO tracks(album_id, name, artist_id) VALUES (11,'Breaking Into Heaven',5);
INSERT INTO tracks(album_id, name, artist_id) VALUES (11,'Driving South',5);
INSERT INTO tracks(album_id, name, artist_id) VALUES (11,'Ten Storey Love Song',5);
INSERT INTO tracks(album_id, name, artist_id) VALUES (11,'Daybreak',5);
INSERT INTO tracks(album_id, name, artist_id) VALUES (11,'Your Star Will Shine',5);
INSERT INTO tracks(album_id, name, artist_id) VALUES (11,'Straight To The Man',5);
INSERT INTO tracks(album_id, name, artist_id) VALUES (11,'Begging You',5);
INSERT INTO tracks(album_id, name, artist_id) VALUES (11,'Tightrope',5);
INSERT INTO tracks(album_id, name, artist_id) VALUES (11,'Good Times',5);
INSERT INTO tracks(album_id, name, artist_id) VALUES (11,'Tears',5);
INSERT INTO tracks(album_id, name, artist_id) VALUES (11,'How Do You Sleep',5);
INSERT INTO tracks(album_id, name, artist_id) VALUES (11,'Love Spreads',5);
INSERT INTO tracks(album_id, name, artist_id) VALUES (11,'Untitled',5);

INSERT INTO tracks(album_id, name, artist_id) VALUES (12,'Spinning Around',6);
INSERT INTO tracks(album_id, name, artist_id) VALUES (12,'On A Night Like This',6);
INSERT INTO tracks(album_id, name, artist_id) VALUES (12,'So Now Goodbye',6);
INSERT INTO tracks(album_id, name, artist_id) VALUES (12,'Disco Down',6);
INSERT INTO tracks(album_id, name, artist_id) VALUES (12,'Loveboat',6);
INSERT INTO tracks(album_id, name, artist_id) VALUES (12,'Koocachoo',6);
INSERT INTO tracks(album_id, name, artist_id) VALUES (12,'Your Disco Needs You',6);
INSERT INTO tracks(album_id, name, artist_id) VALUES (12,'Please Stay',6);
INSERT INTO tracks(album_id, name, artist_id) VALUES (12,'Bittersweet Goodbye',6);
INSERT INTO tracks(album_id, name, artist_id) VALUES (12,'Butterfly',6);
INSERT INTO tracks(album_id, name, artist_id) VALUES (12,'Under The Influence Of Love',6);
INSERT INTO tracks(album_id, name, artist_id) VALUES (12,'I''m So High',6);
INSERT INTO tracks(album_id, name, artist_id) VALUES (12,'Kids',6);

INSERT INTO tracks(album_id, name, artist_id) VALUES (13,'State of the Nation',1);
INSERT INTO tracks(album_id, name, artist_id) VALUES (13,'Every Little Counts',1);
INSERT INTO tracks(album_id, name, artist_id) VALUES (13,'Angel Dust',1);
INSERT INTO tracks(album_id, name, artist_id) VALUES (13,'All Day Long',1);
INSERT INTO tracks(album_id, name, artist_id) VALUES (13,'Bizarre Love Triangle',1);
INSERT INTO tracks(album_id, name, artist_id) VALUES (13,'Way of Life',1);
INSERT INTO tracks(album_id, name, artist_id) VALUES (13,'Broken Promise',1);
INSERT INTO tracks(album_id, name, artist_id) VALUES (13,'As It Is When It Was',1);
INSERT INTO tracks(album_id, name, artist_id) VALUES (13,'Weirdo',1);
INSERT INTO tracks(album_id, name, artist_id) VALUES (13,'Paradise',1);
